{
	"name": "Default bindings for Vive Trackers",
	"controller_type": "vive_tracker_camera",
	"last_edited_by": "UnrealEngine",
	"bindings":
	{
		"/actions/main":
		{
			"sources": [
				{
					"mode": "trackpad",
					"path": "/user/hand/right/input/trackpad",
					"inputs":
					{
						"click":
						{
							"output": "/actions/main/in/TeleportRight"
						}
					}
				},
				{
					"mode": "trackpad",
					"path": "/user/hand/left/input/trackpad",
					"inputs":
					{
						"click":
						{
							"output": "/actions/main/in/TeleportLeft"
						}
					}
				},
				{
					"mode": "button",
					"path": "/user/hand/left/input/trigger",
					"inputs":
					{
						"click":
						{
							"output": "/actions/main/in/GrabLeft"
						}
					}
				},
				{
					"mode": "button",
					"path": "/user/hand/right/input/trigger",
					"inputs":
					{
						"click":
						{
							"output": "/actions/main/in/GrabRight"
						}
					}
				},
				{
					"mode": "trackpad",
					"path": "/user/hand/left/input/trackpad",
					"inputs":
					{
						"position":
						{
							"output": "/actions/main/in/MotionControllerThumbLeft_X,MotionControllerThumbLeft_Y X Y_axis2d"
						}
					}
				},
				{
					"mode": "trackpad",
					"path": "/user/hand/right/input/trackpad",
					"inputs":
					{
						"position":
						{
							"output": "/actions/main/in/MotionControllerThumbRight_X,MotionControllerThumbRight_Y X Y_axis2d"
						}
					}
				}
			],
			"poses": [
				{
					"output": "/actions/main/in/special1",
					"path": "/user/hand/left/pose/back",
					"requirement": "optional"
				},
				{
					"output": "/actions/main/in/special2",
					"path": "/user/hand/right/pose/back",
					"requirement": "optional"
				},
				{
					"output": "/actions/main/in/special3",
					"path": "/user/hand/left/pose/front",
					"requirement": "optional"
				},
				{
					"output": "/actions/main/in/special4",
					"path": "/user/hand/right/pose/front",
					"requirement": "optional"
				},
				{
					"output": "/actions/main/in/special5",
					"path": "/user/hand/left/pose/frontandrolled",
					"requirement": "optional"
				},
				{
					"output": "/actions/main/in/special6",
					"path": "/user/hand/right/pose/frontandrolled",
					"requirement": "optional"
				},
				{
					"output": "/actions/main/in/special7",
					"path": "/user/hand/left/pose/pistolgrip",
					"requirement": "optional"
				},
				{
					"output": "/actions/main/in/special8",
					"path": "/user/hand/right/pose/pistolgrip",
					"requirement": "optional"
				}
			]
		}
	},
	"description": ""
}